{"mass":0.7,"centerOfMass":[0.0,0.0,0.048],"transformation":[1,0,0,0,0,1,0,0,0,0,1,0, 0.0, 0.0,0.048,1],"inertia":[0.003326,0.0,0.0,0.0,0.003495,0.0,0.0,0.0,0.0006355],"collisionModel":{"pointA":[0,0.005,0,0,0,0,0,0,0],"pointB":[0,-0.005,0,0,0,0,0,0,0],"radius":[0.005,0,0]}}